	time	id	sentiment	topic	like	text
0	Sun Nov 28 23:59:58 +0000 2021	1465108237225762816	/	CV	2	"If you've had covid, we're you vaxxed?"
1	Sun Nov 28 23:59:58 +0000 2021	1465108236063981570	/	CV	19	How did we just normalize and created a right for anyone to demand and receive private information about the health and vaccination status of an individual? They even have GDPR rules in EU.
2	Sun Nov 28 23:59:58 +0000 2021	1465108235656916994	-	CT	1	"Omicron Variant Now in North America. Canadian officials announced Sunday that the omicron variant of Covid-19 has reached North America, with two cases appearing in the province of Ontario. #Omicron   https://t.co/PZjLJDPSUh"
3	Sun Nov 28 23:59:56 +0000 2021	1465108227113299972	-	CY	1	@Editor_of_Eric It is the other way. COVID gets them.
4	Sun Nov 28 23:59:56 +0000 2021	1465108226832281602	-	CT	1	how many COVID variants are there?? A new one every monthüò∂‚Äçüå´Ô∏è
5	Sun Nov 28 23:59:55 +0000 2021	1465108224026177540	/	CY	6	"YIMBY, NIMBY, urbanism, housing density is probably about as interesting a conflict to me as covid. In that I find it really tiresome as part of the political war zones today"
6	Sun Nov 28 23:59:55 +0000 2021	1465108221891420162	/	CL	0	"@Charlie29472312 @JusticethenLove @LewisGrover @mckenziesgold1 @TomiLahren It looks like you shared a cached AMP link. These should load faster, but AMP is controversial because of concerns over privacy and the Open Web: https://t.co/URCQjCtc4C Maybe check out the uncached page instead: https://t.co/7DniN6wgyq"
7	Sun Nov 28 23:59:55 +0000 2021	1465108221610401793	/	CY	0	"like i barely understood anything they were saying, i only realized COVID was a thing in the show when julien said she wasn‚Äôt in the imagine video üò≠üò≠"
8	Sun Nov 28 23:59:54 +0000 2021	1465108219932524546	+	CS	0	@STForeignDesk Origin of Covid-19 coronavirus. The WHO must investigate all evidence especially in countries where there are early reports of the coronavirus appearing.  https://t.co/LuKWae9qDu
9	Sun Nov 28 23:59:54 +0000 2021	1465108218636652547	+	CS	0	"@chrisdiacon A comparison between new Covid cases and deaths (the peak on the right, the current wave) suggests that the vaccine is indeed only partially successful in stopping transmission. However in terms of keeping deaths low it‚Äôs very successful indeed. https://t.co/5qRMzK8Cpx"
10	Sun Nov 28 23:59:53 +0000 2021	1465108214815539206	+	CV	1	@Alfenoide @dadourado This study confirms that COVID-19 vaccination reduces the risk of delta variant infection and also accelerates viral clearance in the context of the delta variant: confirma que a vacinacao reduz risco infeccao Delta e acelera o processo de cura
11	Sun Nov 28 23:59:53 +0000 2021	1465108213376983055	-	CT	0	"Covid is out here scooping up the hottest gender names.   ""Omicron"" has to be the coolest pronoun.  #COVIDIOTS #covidvariant #COVID19 #OmicronVariant #Omicorn #variant #comedy #comedian #sundayvibes #Sundayfeeling #Sundaymood #Sundaythoughts #oof #transgender #pronouns"
12	Sun Nov 28 23:59:52 +0000 2021	1465108209635512329	+	CV	0	"@AndrewPDuncan2 The solution is easy and simple: give the license to Moderna, Biontech, A&amp;Z , and J&amp;J. But the government only cares its face and would like to keep the border closed as a 'new normal'. Creating fear can justify all the restrictions."
13	Sun Nov 28 23:59:51 +0000 2021	1465108207991463944	/	CS	0	@scam661 @Davein2d @LWinB @30ACTruth @atrupar Definitely not safe https://t.co/9Fii4vgC1g
14	Sun Nov 28 23:59:51 +0000 2021	1465108205919375361	/	CV	3	@SamuelHillNZ I will vote on vax mandates and covid passports
15	Sun Nov 28 23:59:51 +0000 2021	1465108204761747456	-	CV	1	@EDenhoff @sabrinagrover @KenBoessenkool G20 needs to pay for Global Covid Vaccination!
16	Sun Nov 28 23:59:51 +0000 2021	1465108204518531078	-	CY	0	"@theOrangetechie @Ottergoose work for COVID? Dr. James Crowe: And lo and behold, if we took blood cells out of these-- nearly 100-year-old people, they still had immune cells that were circulating in their body that had reacted to the 1918 influenza. That was one of those moments for me when I just said, Wow"
17	Sun Nov 28 23:59:50 +0000 2021	1465108202736001029	-	CL	0	"@TheBabylonBee @Oilfield_Rando Since they accused/blamed Trump inaction for the initial spread of COVID. By that logic if the new variant gets here and kills hundreds of thousands, won‚Äôt that be on Biden? Using the same logic Biden should be able to stop it cold."
18	Sun Nov 28 23:59:50 +0000 2021	1465108201016279048	-	CY	2	"@John_Dearie Have you read the book Scott Atlas wrote?  He used actual charts and studies at COVId meets at WH, while Fauci used computer models?  Wow. I think I‚Äôd rather listen to an actual doctor who reads and studies, than a token ‚ÄúScientist‚Äù üôÑ"
19	Sun Nov 28 23:59:50 +0000 2021	1465108200575934467	+	CY	3	We are worked to the bone even without COVID‚Ä¶ COVID just gave them an excuse. Save your sympathy. https://t.co/WSLeih73n5 https://t.co/l6e7epfMNU
20	Sun Nov 28 23:59:49 +0000 2021	1465108198424199170	+	CY	0	"Doctors warn hospital labour wards are at breaking point as pregnant women who refuse Covid jabs plunge maternity services into 'crisis' with healthy mothers being 'abandoned' mid-labour, midwives self-isolating and birth units forced to close #NewsBreak https://t.co/Ifv6rQnjnZ"
21	Sun Nov 28 23:59:48 +0000 2021	1465108195899166725	+	CT	0	"Omicron is the new COVID kid on the block: five steps to avoid, ten to take immediately | The world needs to learn to live with the virus. And governments must follow the science a #lead generation https://t.co/v60JEBw1NQ"
22	Sun Nov 28 23:59:48 +0000 2021	1465108193768620032	-	CY	1	"Good article. ""It‚Äôs less that the social fabric has grown frayed, its edges unravelling, than that the so-called social fabric is now manufactured, for profit, by monopolistic businesses, a cheap, throwaway fake."" https://t.co/pSfWhmTu8D"
23	Sun Nov 28 23:59:48 +0000 2021	1465108192275222534	-	CV	0	@ronisversion Omg was it as bad as the second dose üò≠ I got moderna and it took me out for three days üò≠üò≠
24	Sun Nov 28 23:59:47 +0000 2021	1465108188680757248	-	CY	1	Fauci killed 40 million animals in medical experiments! Fauci was behind the creation of SARS-CoV-2 in 2006 which became covid19 in the Wuhan which he Bill Gates were both involved in! Fauci was pushing everyone to wear facemask back in 2001 for the aids virus he was also behind!
25	Sun Nov 28 23:59:46 +0000 2021	1465108187053391875	+	CS	2	How mind numbingly stupid do you have to be to say that if only vaccinated people can enter australia then how did the latest strain get here? If you don‚Äôt know by now that it can be carried and spread even after the vaccination then please hand in your genitals and do not breed
26	Sun Nov 28 23:59:46 +0000 2021	1465108185782566922	-	CL	7	Hypocrisy at its finest!  #MakeAmericaGreatAgain #MAGA #coronavirus https://t.co/Y6SyJIXN2z
27	Sun Nov 28 23:59:46 +0000 2021	1465108184549498882	-	CS	1	@bric_house @MysterySolvent @smc429 Not true. Total falsehood. Reporting your account for false covid information.
28	Sun Nov 28 23:59:46 +0000 2021	1465108184130019328	-	CY	1	@squirrel_hockey @DrMgbeke @cindyhart58 @VinGuptaMD You know what also does serious damage? Covid. The vent. The ecmo.
29	Sun Nov 28 23:59:46 +0000 2021	1465108183723257874	/	CV	19	@GillianMcKeith I had the Pfizer jab and every time I see a tweet by mckeith it looks like bollocks
30	Sun Nov 28 23:59:45 +0000 2021	1465108181022093319	/	CY	0	"Ted Cruz and Donald Trump Jr. taunt the WHO for skipping 'Xi' to name the new coronavirus variant 'Omicron'  If Ted Cruz and Don Jr were to say that some stock was a disaster, I'd buy it in an instant.  They are reliable indicators of douchebaggery or the absence thereof."
31	Sun Nov 28 23:59:45 +0000 2021	1465108179897831429	-	PL	0	"@AndrewFeinberg Listen, @RonnyJacksonTX , I  don't know if you have ever lost anyone to COVID-19 or any of the VARIANTS,  but the rest of us have! So shut up and let us do the work to save lives! Ronny, stop OBSTRUCTING,  that's Donny's job."
32	Sun Nov 28 23:59:44 +0000 2021	1465108179197517829	-	CV	13	Honestly this is even twice as fucked up when you consider just how many people in the USA got away with fake vaccination cards to travel. It‚Äôs just sickening really.
33	Sun Nov 28 23:59:44 +0000 2021	1465108178593804288	-	CY	0	"$XAIR($15.87) Does this need anymore bullish news? No, but we keep getting it. THIS IS NOW ALSO A COVID PLAY!!!! https://t.co/Iwxj5ID0kj"
34	Sun Nov 28 23:59:44 +0000 2021	1465108175728754694	-	CY	0	"The dude trusts articles and statistics without realizing that like quotes from people, statistics can also be false. Even the CDC got trialed for covid statistical manipulation. In the end, you have to take everything on the internet with a grain of salt, including your exp. https://t.co/aI70l4PgP6"
35	Sun Nov 28 23:59:43 +0000 2021	1465108175045025795	+	CL	4	@POTUS works for us on a Sunday to stay current on covid  TFG would be golfing https://t.co/YdOq7SX7DZ
38	Sun Nov 28 23:59:43 +0000 2021	1465108171995979785	-	CY	0	@ETSshow @NancyMace @AnnieAndrewsMD @atrupar How about offering a substantive response?  Or perhaps you‚Äôre unable to.  The relative success FL has had in dealing with COVID is a direct result of ignoring the authoritarian impulses of ‚Äúexperts‚Äù such as yourself.
39	Sun Nov 28 23:59:42 +0000 2021	1465108170649612290	-	CS	0	"@GovRonDeSantis @GovRonDeSantis if you really believe this, why are you with holding the Florida Covid numbers?!?! Show us the real numbers ron"
40	Sun Nov 28 23:59:42 +0000 2021	1465108170020253699	/	CT	12	China says zero-Covid policy will protect it against Omicron variant https://t.co/ZWhthngy6Q
41	Sun Nov 28 23:59:42 +0000 2021	1465108169311637510	/	CR	0	Covid-19 Australia: Omicron variant throws Australia‚Äôs international and state borders into¬†chaos https://t.co/XDnIs5TtBj
43	Sun Nov 28 23:59:41 +0000 2021	1465108164060147712	/	CV	0	"@Tat_Loo @alangibbs301 @caffeine_addict 2. The stats I refer to are, in fact, much more representative than what you have provided. Your stats are mostly of an excessively general / uncontrolled nature, or are excessively cherry-picked (e.g. NI 50+). I refer directly to breakdown by vaccination cohort."
44	Sun Nov 28 23:59:40 +0000 2021	1465108160406904837	/	CS	0	"@JackNorton8064 No, they‚Äôve got Covid"
45	Sun Nov 28 23:59:40 +0000 2021	1465108158741839873	-	CY	1	"@adkstorms @ludwig_mike i was so worried when covid hit and people started talking about liquor stores being closed.  at least a dozen times i've gone through complex alcohol withdrawal alone at home.  it's traumatic and dangerous.  they shut down the bottle depot for awhile, luckily not long"
46	Sun Nov 28 23:59:40 +0000 2021	1465108158632775680	/	CV	0	Covid vaccine: Woman who died was 'wrongly diagnosed' #NewsBreak https://t.co/wfu9zsOLqs
47	Sun Nov 28 23:59:39 +0000 2021	1465108157332701188	+	CY	11	@MJosling53 @Dan_GT2 Pro life but also pro covid ? https://t.co/KSHd7vigHm
48	Sun Nov 28 23:59:39 +0000 2021	1465108155935780867	/	CS	0	Umm. Except Sweden.   COVID-19 infections break pandemic records across Europe as fourth wave continues to wreak havoc  https://t.co/AP7kJBiRgk via @ABCaustralia
49	Sun Nov 28 23:59:39 +0000 2021	1465108154480349186	/	CY	0	"Faced with rising competition from startups, higher expectations from consumers and the increased digital demands of COVID-19, banks are speeding up a monumental shift of operations to the #cloud from legacy #computer systems. #CloudComputing #tech https://t.co/cyflVk7psB"
50	Sun Nov 28 23:59:38 +0000 2021	1465108151733211138	-	CY	0	"It‚Äôs a COVID cliche but I‚Äôm glad I followed the sourdough trend. It‚Äôs become a ritual that still amazes me. That you can make this from some flour, water, and salt is pretty cool. https://t.co/UaaUpUK7kh"
53	Sun Nov 28 23:59:36 +0000 2021	1465108143059390472	+	CR	0	@JDBunkis I wonder if all the Canadian covid rules played a factor in this signing. Pretty big difference between Toronto and Texas in terms of regulations.
55	Sun Nov 28 23:59:34 +0000 2021	1465108135564173314	/	CV	1	Join me in supporting this important cause at iPetitions. Northern Ireland Says No To Covid Passports https://t.co/9VCrmVCJus via @ipetitions
56	Sun Nov 28 23:59:34 +0000 2021	1465108135459311616	-	CV	0	@StarbucksCanada Hi!  Was at your St Clair and Yonge (Toronto) location today and realized we were not asked for our vaccination documents yet we were staying in.  Neither was anyone else.  If you can look into this that would be great. Thanks!
58	Sun Nov 28 23:59:34 +0000 2021	1465108133374799875	/	CY	15	@WDMunn @soledadobrien @maggieNYT @nytimes Follow @DrEricDing instead of @maggieNYT if you want to know what's going on with COVID.
59	Sun Nov 28 23:59:34 +0000 2021	1465108133370552325	/	CP	0	"@callum5690 @ericjem7 @CNN Certain masks work for certain things. Putting a woman‚Äôs pad across your face or a bucket on your head isn‚Äôt going to work like the beginning of Covid. Cloth masks aren‚Äôt going to work. If the vaccine works, why are the majority of cases lately people with vaccinated status?"
60	Sun Nov 28 23:59:33 +0000 2021	1465108131294461960	-	CL	0	High inflation? Low polling?  Why - the pandemic   https://t.co/w3Bi1GujMl
61	Sun Nov 28 23:59:32 +0000 2021	1465108127087579142	/	CP	0	A global agreement to strengthen pandemic prevention and responses is expected to be ready in May 2024 https://t.co/mWXcyKraRf #UAE #Dubai #DXB
62	Sun Nov 28 23:59:32 +0000 2021	1465108125137227780	+	CV	1	Thank God for @pfizer for saving my life and helping me to achieve my dreams I owe you everything
63	Sun Nov 28 23:59:31 +0000 2021	1465108124738768896	+	CY	0	"@rpcounat @shashastew @RageSheen Well, herd immunity hasnt *really* been debunked. The issue with COVID and herd imunity is that it is too fast to isolated, and stop from getting traction, but also to slow to actually induce immune response in enough people fast enough to get those antibodies active AT SAME TIME"
64	Sun Nov 28 23:59:31 +0000 2021	1465108123518046211	-	CS	0	"@nillumcm Yes, quite a few friends and one of my cousins have died from COVID-19. Such a sad waste of life"
65	Sun Nov 28 23:59:30 +0000 2021	1465108118111617027	/	CS	1	"#COVID19 danger now facing Solomon Islands - of intervention nations involved, Solomon Islands second lowest vaccination rate while Australia, Fiji &amp; PNG have had higher cases cases of Covid. @FT  https://t.co/fHW02sjYDA https://t.co/YPYnaI6fBI"
66	Sun Nov 28 23:59:29 +0000 2021	1465108115905466370	/	CS	2	More vaccine deaths and injuries reported in 10 months following COVID-19 shots compared to all other vaccines over the past 30 years https://t.co/xRdW2KvwPo
67	Sun Nov 28 23:59:29 +0000 2021	1465108114517237761	-	CY	0	A great article. I've grown tired of trying to explain how far the on-the-ground reality of the COVID situation Down Under is removed from hysterical claims of outsiders with no understanding or sense. https://t.co/f9urPt6rNC
68	Sun Nov 28 23:59:29 +0000 2021	1465108114240204808	/	CR	0	#US will restrict travel from #SouthAfrica and seven other southern African countries to try to contain a new coronavirus variant spreading there. https://t.co/TWtlqdu9Gq
69	Sun Nov 28 23:59:28 +0000 2021	1465108109915873286	/	CS	5	Today's Covid-19 numbers will come around 1pm in a written statement. All you need to know will be here:   https://t.co/fbX10LoMCh
70	Sun Nov 28 23:59:27 +0000 2021	1465108107470770176	-	CV	0	"@StaffSausage I felt like absolute garbage after the 2nd shot for a few weeks,  so I was scared of the booster. But I had ZERO side effects. It was a huge relief! I even got the flu and the covid booster on the same day, and was totally fine."
71	Sun Nov 28 23:59:27 +0000 2021	1465108106694692866	-	CV	1	"@immunotoxPhD @ogilville1 @swedishchf @SultaneAlexand1 @Sara4843 @tenebra99 @deralteGaukler @janem1276 @doom37455413 @raouldukeerik @AndrewLazarus4 @PaulDesmoParker @handmadekathy @namagoy @sammy44231 @Tony__Heller @mcfunny @satekor @provaxtexan @Monstercoyliar @andylumm @richykirsh @_mamadeb @JimeeLiberty @rpagano697 @kath2cats @Kathmarval @Fannyi5 @sailor_man_dan @TechARP @SkepticalMutant @runhack @CarvilleDean @ConsequentialBr @MichaelBuerger8 @WendyOrent @MsTrixter @DevoDalek @FactPhily @JamesLynchGTC @quintic @SoupTomatoSoup @WorldFullofJunk @andnowsheisnot @TyotoRiffle @pandemichoax21 @sasha13043803 @AriellaBrown @pds1st @kevinault ""Incorrect. Like not even remotely on target.""  What percentage of unvaccinated people die ""from"" covid?"
72	Sun Nov 28 23:59:27 +0000 2021	1465108105130397703	-	CS	0	Of course this new strain will reach us - close all Airlines and international travel   Biden briefed by COVID team as omicron variant spreads in Australia and Europe : Coronavirus Updates   https://t.co/MGcAV4A5gt
73	Sun Nov 28 23:59:27 +0000 2021	1465108104790646787	+	CS	3	Evidence that devices do remove Covid from air (in hospital environment) https://t.co/ec7LCHiw7V
74	Sun Nov 28 23:59:26 +0000 2021	1465108103628660737	/	CV	2	@keepsmiling5942 @therealballsy Seems lots of answers is due to vaccination protocols
75	Sun Nov 28 23:59:25 +0000 2021	1465108099539349516	/	CV	0	@mvankerkhove @oxfamcampaigns @WHO @DrTedros @DrMikeRyan Vaccination for all for all
76	Sun Nov 28 23:59:25 +0000 2021	1465108099472277517	-	CY	1	@s0n_dam @imcalledmilliee @calders67 @OhThisBloodyPC @PrisonPlanet For nearly a million Americans Covid was the devastating thing that ended their life altogether.
78	Sun Nov 28 23:59:24 +0000 2021	1465108095252762627	-	CL	0	@JasonLaCanfora I‚Äôm sure you think it‚Äôs due to COVID or he is a white supremacist.
80	Sun Nov 28 23:59:24 +0000 2021	1465108093533106180	-	CL	2	"@UPLIFTCharlest1 @JuddForCongress When you say it's getting worse, since when? Before COVID? Since the election?"
81	Sun Nov 28 23:59:23 +0000 2021	1465108090748030978	-	CR	1	"@austinvirts so so so mf jealous man, I had a trip planned and it got cancelled 2 days in advance due to covid measures.  not even getting refunded  enjoy brotha https://t.co/1RZvrgYLhX"
82	Sun Nov 28 23:59:23 +0000 2021	1465108089137414146	-	CV	0	@atrupar Interesting. So did she get her family vaccinated or did she intentionally expose them to Covid?
84	Sun Nov 28 23:59:23 +0000 2021	1465108088592207873	-	CY	0	Just get rid of covid and I'll feel a lot better https://t.co/czlF5BsJQK
85	Sun Nov 28 23:59:23 +0000 2021	1465108087862280192	/	CR	1	"@JennaEllisEsq This is not about the COVID travel ban. That hadn‚Äôt even happened on 2/1/20. This was about Trump‚Äôs immigration ban. But by all means, do what you do Jenna."
87	Sun Nov 28 23:59:22 +0000 2021	1465108086910291975	/	CR	233	We need a diverse team led by a person with public health expertise to manage a better US COVID response https://t.co/Kn4Ho8vQfZ
88	Sun Nov 28 23:59:22 +0000 2021	1465108085861720067	-	CS	1	"@wendylaird @rennaestubbs @GOP No matter what.....you can't avoid deads caused by covid if some people not are having a great resistans. There are a lot, who is vaccinated who dies with covid"
89	Sun Nov 28 23:59:22 +0000 2021	1465108085371031559	-	CR	0	@SenTedCruz ripped Australia for its harsh Covid lockouts.  When will you have a tirade about Isreal locking its borders?.
90	Sun Nov 28 23:59:22 +0000 2021	1465108082992685056	+	CT	5	@drtobbe @aginnt COVID has always had those potential symptoms. They aren't new with Omicron.
91	Sun Nov 28 23:59:21 +0000 2021	1465108082539778053	+	CV	1	Fully population in Cuba are being vaccinated with Booster VS covid-19. More than 90% efficasy!!  High protection!!! Dr Fauci has suggested It too!!
92	Sun Nov 28 23:59:21 +0000 2021	1465108082099425283	-	CY	1	@gabbyedh10 yeah same lmao don‚Äôt wanna get spoiled if tobey show up. Just hope covid doesn‚Äôt ruin this.
94	Sun Nov 28 23:59:21 +0000 2021	1465108080883085319	-	CV	0	"@mjesper6599 @EpiEllie @Meta If you think the average American understands virology/epidemiology/immunology/public health-you‚Äôre not paying attention. Low vaccination rates tell the story, and that‚Äôs just math-not condescension. We aren‚Äôt reaching people, and we can do better."
95	Sun Nov 28 23:59:21 +0000 2021	1465108080623030277	-	CL	0	@davebeachone @Mediaite @Acosta Biden said he would solve covid and he has failed as well.
96	Sun Nov 28 23:59:21 +0000 2021	1465108079050166273	-	CV	0	@nillumcm Yes - many. Living in magaland Missouri- some still say it‚Äôs a hoax &amp; low vaccination rates.
98	Sun Nov 28 23:59:19 +0000 2021	1465108072595140618	-	CS	6	@CameliaDewan I‚Äôm pretty sure they test for racism the same way we‚Äôve been testing for Covid.
99	Sun Nov 28 23:59:19 +0000 2021	1465108072368508935	/	CR	0	New Covid variant: Will new measures against Omicron work? - BBC News https://t.co/sGPTLkD89P https://t.co/tMtV5gYSGD
101	Sun Nov 28 23:59:18 +0000 2021	1465108068631564290	/	CV	3	"@CDCgov Please remind me again what percentage of CDC, NIH, FDA, Moderna, Pfizer and J&amp;J employees and their children are vaccinated, especially those with natural immunity?"
103	Sun Nov 28 23:59:17 +0000 2021	1465108062222442500	/	CR	0	Covid: Travel and mask rules tightened over Omicron variant - BBC News https://t.co/N0iZOBwCYm https://t.co/ENU422lLR9
104	Sun Nov 28 23:59:16 +0000 2021	1465108057831129089	+	CY	0	The fact it was a concern in my household when I have covid that I might‚Äôve accidentally gave it to Thomas Rhett and his family
105	Sun Nov 28 23:59:15 +0000 2021	1465108057466232843	-	CS	0	@CheriDiNovo Just got an email about covid case in my daughters HS.
106	Sun Nov 28 23:59:15 +0000 2021	1465108055981367297	-	CV	4	"@ZJustzed @real_GGoswami @JikkyKjj @razorback11111 Except, the other vaccines have been given over the past 50 years. The Covid ones have only been given for the past 10 months. Deaths reports for Covid vaccines per capita, far exceed those from other vaccines in every data base around the world."
108	Sun Nov 28 23:59:15 +0000 2021	1465108055511560195	/	CT	1	TORONTO (AP) ‚Äî Canada confirms country‚Äôs first two cases of omicron COVID-19 variant among two people who had recently visited Nigeria.
110	Sun Nov 28 23:59:15 +0000 2021	1465108053766901763	/	CY	0	"With #Covid #studies, the quality of the evidence matters https://t.co/90MqiC385Q"
111	Sun Nov 28 23:59:14 +0000 2021	1465108050818351107	/	CP	0	@HeckofaLiberal @ScreetonC @WorkingDruid A 2019 study on influenza pandemic. Unlike  this 2020 one on COVID and Masks. Heck there are even counter points to be made but you'd have to read the article to find them | WHO Reference Number: WHO/2019-nCoV/IPC_Masks/2020.5 https://t.co/7NtjlEbwBW
112	Sun Nov 28 23:59:13 +0000 2021	1465108048783941636	-	CV	1	"But no, in Victoria @VictorianCHO and @DanielAndrewsMP are not giving up their ‚Äúsuccess‚Äù with ‚Äúfull vaccination‚Äù so we are sticking with calling two shots ‚Äúfully vaxxed‚Äù and then will act surprised in six months that people didn‚Äôt get their third and we had a massive Omicron wave https://t.co/dahbHkRIkd"
113	Sun Nov 28 23:59:13 +0000 2021	1465108048091836419	+	CV	0	"The way things are going, vaccination will be a weekly event! #Omicron"
114	Sun Nov 28 23:59:13 +0000 2021	1465108046540120069	+	CV	2	@AlanStout19 @action_northern So as a Doctor. You are giving out the names of children that are eligible for vaccination.  You get paid for their names also get paid if they get the Vax. Is this correct. If so you should all be ashamed of yourself.  99.8 survival.
117	Sun Nov 28 23:59:12 +0000 2021	1465108044090683395	-	CT	0	"Travel doors slam shut as new Covid variant triggers alarm, stranding hundreds of passengers  https://t.co/yeGRIKGWjh"
118	Sun Nov 28 23:59:12 +0000 2021	1465108043549577221	-	CV	0	"""Will the Vaccines Stop Omicron? Scientists Are Racing to Find Out."" by BY APOORVA MANDAVILLI via NYT https://t.co/U3bYqBdfeX #health https://t.co/roTgLv7fua"
119	Sun Nov 28 23:59:11 +0000 2021	1465108040634359808	-	CR	10	Virus so ‚Äúdangerous‚Äù that we have to sift through the üí© to find it and then lockdown the town because there are no cases and low vaccination. So much sCiEnCe it hurts !!! https://t.co/ydCQ00heFH
120	Sun Nov 28 23:59:11 +0000 2021	1465108040508530693	-	CS	0	Two cases of COVID-19 Omicron variant reported in Canada https://t.co/CmbWw7N7Zz via @nypost
122	Sun Nov 28 23:59:11 +0000 2021	1465108038898094082	/	CL	2	"Trump says he 'wanted Biden to be successful' tackling COVID-19, blasts performance - Business Insider  How is that 1mbecile still talking without eveyone cracking up laughing? He is a carricature of an incompetent trustfund baby mor0n‚Ä¶. https://t.co/JVQKkouCjY"
123	Sun Nov 28 23:59:11 +0000 2021	1465108038654705667	-	CV	1	"@KayandNnn Indeed. Thanks to the anti vax bastards and a failure to get more of the world vaccinated, Covid has ample opportunity to adapt in the wild. But we‚Äôre still better off boosted, regardless."
124	Sun Nov 28 23:59:11 +0000 2021	1465108037350289412	/	PL	2	Whose lost more of your respect since CoVid
125	Sun Nov 28 23:59:10 +0000 2021	1465108032715644932	-	CR	2	Call me when they require vaccination to take the train. App only. Until then I do not fuck with any of you people. You all have it AFAIC.
126	Sun Nov 28 23:59:10 +0000 2021	1465108032606642184	-	CS	0	"@NanciGuestRDPhD @NickyBy02694417 @ian_charles007 Blindly following doctors orders is terrible advice. Cancer, MS, doesn't matter, we are all people trying to survive. The covid program reeks of desperation and failure."
128	Sun Nov 28 23:59:09 +0000 2021	1465108028441595907	-	CT	1	@rkmusgrave @couriermail Name another covid variant that has proved to be ‚Äúmild‚Äù.
129	Sun Nov 28 23:59:08 +0000 2021	1465108026759819269	-	CV	0	@nypost This is insanity. Over 75% down from her delta peak- millions more vaccinated/natural immunity. I‚Äôll bet any amount of money More people will die of depression/overdoses than Covid going forward. https://t.co/9tzaMe4nFJ
130	Sun Nov 28 23:59:08 +0000 2021	1465108026126442500	-	CS	1	"@pixxie0 @Hop_Squatch @Catsrbabies Yeah,  you still haven‚Äôt looked at satellite photos of the difference in the ice at the poles from 1975 - 2010 yet have you? You are just like one of those people gasping for air in the hospital who swears Covid is just made up, aren‚Äôt ya?"
131	Sun Nov 28 23:59:08 +0000 2021	1465108024905719808	-	CS	1	@lg_bt21 i'm also scared because we don't know what covid will bring for the rest of the year. :/
132	Sun Nov 28 23:59:08 +0000 2021	1465108024851410945	-	CV	0	"@Stonkzilla1 @DHSCgovuk My friends mum has Covid and was in intensive care for 3 weeks. She only got 1 dose of Covid vaccine. My dad had both doses and was ill in bed for a week. My family friend had no vaccine and died from Covid 19 at the age of 24 years old, no health issues‚Ä¶.1/2"
133	Sun Nov 28 23:59:07 +0000 2021	1465108022632587272	-	CV	1	"@drjonesjnr @DopravniPoradce @PrisonPlanet //Not to be rude, but do you know anything about the technology that went into this vaccination? They‚Äôve been using it to treat cancer. It's been around for 20 yrs. 7.9 billion doses have been given world wide. The FDA gave their approval. There are multiple Supreme Court cases ~"
134	Sun Nov 28 23:59:07 +0000 2021	1465108022175232000	/	CV	5	"MUST READ: Poor countries face issues of vaccine access, delivery logistics &amp; widespread hesitancy, esp the Pacific. Unless everyone receives protection, COVID will spread &amp; mutate. COVID isn‚Äôt over for anyone until it is over for everyone. #EndCOVIDForAll https://t.co/GL8ALaF4oG"
135	Sun Nov 28 23:59:07 +0000 2021	1465108021579816965	/	CV	0	"@GerladBarbarian @milehihappy @Marie38788117 @ryanciminski ""...which may cause adverse pathological events. Thus, it is important to consider the possibility that the SARS-CoV-2 spike protein produced by the new COVID-19 vaccines triggers cell signaling events that promote PAH, other cardiovascular complications, and/or..."""
136	Sun Nov 28 23:59:07 +0000 2021	1465108020757614595	/	CV	2	@SpadermanXX @BrexitBuster Actually - research into coronavirus vaccines has been going on for at least 18 years with the emergence of SARS. I know that‚Äôs a big number- it‚Äôs almost all your fingers &amp; toes!  So I can understand why that feels like they are experimental!
137	Sun Nov 28 23:59:06 +0000 2021	1465108017653989376	/	CV	0	Euthanasia: German Group Requires Full Vaccination before Death | National Review https://t.co/wfgOFT2mZq
138	Sun Nov 28 23:59:06 +0000 2021	1465108017129611274	/	CS	0	@BenKoller @YouTube I hope to see Converge in Brazil...covid is controlled üôèüèª.
139	Sun Nov 28 23:59:06 +0000 2021	1465108015837630465	/	CV	0	"@Ally_Tanner Hi Alice, we're sorry to hear you're experiencing difficulties with linking your proof of vaccination with your Service NSW app. Are you getting a specific error message when doing so?"
140	Sun Nov 28 23:59:05 +0000 2021	1465108015640723462	/	CL	3	"Coronavirus pandemic offers many political opportunities that Madrid will  certainly seize. This is what they do!   The Inquisition never ended. Literally. And, I am not joking when I say that. It is tragically true. https://t.co/cezeVuvHN4"
141	Sun Nov 28 23:59:05 +0000 2021	1465108015124819975	/	CS	0	Britain‚Äôs public body advising the NHS announced that people with mild depression in England should be offered therapy before medication. On our ‚ÄúBabbage‚Äù podcast we explore the development of cognitive behavioural therapy by the late Aaron Beck https://t.co/lhymKdDZyl https://t.co/UmACOPxtZ6
143	Sun Nov 28 23:59:04 +0000 2021	1465108011341344768	/	CT	0	'Absolute body blow': Travel industry left reeling from new COVID-19 variant - 6PR https://t.co/MUlRzyh9U0
145	Sun Nov 28 23:59:04 +0000 2021	1465108010607513604	/	CV	0	These are BS games being played by the Manufacturer‚Äôs of Moderna‚Ä¶ these vaccines should be available to everyone around the world!! ‚ÄúALL‚Äù Lives matter!!! https://t.co/3Qdw9w7ZB9
147	Sun Nov 28 23:59:03 +0000 2021	1465108006912368642	/	CL	2	When is the Biden‚Äôs admin suppose to start his plan to get rid of COVID ? @POTUS  I clearly remember him saying trump didn‚Äôt have a plan ans he did . Death tolls already eclipsing last year when we didn‚Äôt barely achieve a vaccine. These vaccine don‚Äôt work . We need #COVAXIN
148	Sun Nov 28 23:59:03 +0000 2021	1465108006560223232	/	CV	0	what short films should i watch while i wait at vaccination site https://t.co/3onaYNUX0h
149	Sun Nov 28 23:59:03 +0000 2021	1465108005754707979	/	CS	2	"LIVE: 8,774 New Covid Cases Recorded In India, 621 Related Fatalities https://t.co/a3AwiHAwW2 https://t.co/7F0EVzyHmX"
150	Sun Nov 28 23:59:03 +0000 2021	1465108005142204428	/	CT	0	Two cases of COVID-19 Omicron variant reported in Canada - New York Post https://t.co/D0u3yKiyj3
151	Sun Nov 28 23:59:03 +0000 2021	1465108003875700739	/	CS	0	South Africa dont have a COVID problem https://t.co/UXPwNvcZRK
152	Sun Nov 28 23:59:02 +0000 2021	1465108002529177601	/	CY	0	Sixers' Joel Embiid on bout with COVID-19: 'I really thought I wasn't going to make it' https://t.co/KVVlifpXZE
153	Sun Nov 28 23:59:02 +0000 2021	1465108002315378694	/	CS	0	Today‚Äôs coronavirus news: Canada confirms first two cases of Omicron variant; Ontario sees highest daily case count in nearly six months https://t.co/o4OyNEdbv2 via @torontostar
154	Sun Nov 28 23:59:02 +0000 2021	1465108001233117192	/	CP	0	Study questions efficacy of homoeopathy medicine given to prevent COVID - The New Indian Express https://t.co/ov0CNeo6v4
155	Sun Nov 28 23:59:02 +0000 2021	1465108000050491396	/	CV	15	Weird how the hospitals of full of people sick with COVID but no one is sick with the vaccine. https://t.co/wVmJPFaXZL
156	Sun Nov 28 23:59:01 +0000 2021	1465107998662086674	/	CS	51	Me and the homies at the COVID internment camp https://t.co/YWTkHhn1sZ
157	Sun Nov 28 23:59:01 +0000 2021	1465107998137884673	/	CT	0	ISRAEL reinstates the role of its internal security service in SURVEILING the CELLPHONES of PEOPLE confirmed to be carrying the variant... https://t.co/mvtQhX3OWb
158	Sun Nov 28 23:59:00 +0000 2021	1465107993805139976	/	CL	2	"@tarmacmolly Dictatorship takes many forms.We never voted for this con job junta,we were victims of a covid coup against the backdrop of manufactured fear."
159	Sun Nov 28 23:59:00 +0000 2021	1465107991380824072	-	CV	1	"@Garakus_MV Every single scientific, medical and government committee recommends COVID vaccination: CDC, NIH, FDA, ACIP, AAAS, Am Academy Pediatrics, Am College of Obstetricians and Gynecologists, the Society for Maternal-Fetal Medicine even for pregnant women  https://t.co/MgcSieqfCC"
160	Sun Nov 28 23:59:00 +0000 2021	1465107991372480513	-	CS	1	@The_DHS SA gov is allowing a situation for more mutations to occur &amp; more new variants.  YOU CANNOT HAVE AN OPEN SOCIETY WITH PEOPLE PHYSICALLY INTERACTING &amp; SPREADING THE VIRUS! We need to stop physical interaction to stop the spread &amp; flatten the curve IF we serious bout stopping covid
161	Sun Nov 28 23:58:59 +0000 2021	1465107989627559940	-	CY	0	@markwil147 It really shags you the old Covid ! ü•äü•ä.  It is what it is . You take care .
162	Sun Nov 28 23:58:59 +0000 2021	1465107989304598532	/	CV	0	Alan Kohler: We need a vaccine against confusion and stupidity https://t.co/8rEU0H47wW
163	Sun Nov 28 23:58:59 +0000 2021	1465107988419592193	/	CT	1	Canada reports first 2 cases of omicron COVID-19 variant in Ottawa                                                            Damn!!! https://t.co/S4QZM4CjBP
164	Sun Nov 28 23:58:59 +0000 2021	1465107987832311809	/	CL	2	@MeanTweets4Ever @Mayor_Steinberg @katie4council Covid is the best thing that happen to authoritarian governments.
165	Sun Nov 28 23:58:58 +0000 2021	1465107983956946945	-	PL	0	"@NoelTruth @staceyabrams Lmfao kids said crippling under covid ü§£ü§£ü§£ü§£, only because you middle school drop outs are fear mongering everyone into a great depression. Raising taxes does nothing, only hurts the middle and lower class."
166	Sun Nov 28 23:58:58 +0000 2021	1465107982950309894	-	CY	50	"@thehill No, we DON'T ""have to start living with COVID"", the capitalist US government just refuses to do what is necessary to eradicate the virus: https://t.co/JoNxpUGVXd"
167	Sun Nov 28 23:58:58 +0000 2021	1465107982597836805	-	CV	5	"@InUtahNotOfUtah Yes. If they aren't personally affected or know anyone who has been? It's overblown. Or if someone who has been vaccinated gets Covid, then why bother getting the shot? Or 'I don't care. I can't live in fear.' That last mentality really pisses me off."
168	Sun Nov 28 23:58:56 +0000 2021	1465107976956612610	/	CT	4	"Omicron ‚Äòmild‚Äô so far, experts say, but WHO urges caution https://t.co/qdxKpcRsQe #COVID19"
169	Sun Nov 28 23:58:54 +0000 2021	1465107968446316544	/	CT	0	Article dated July 2021 talking about B.1.1.529 (OMICRON) ???  https://t.co/fVlpkMpLHS
170	Sun Nov 28 23:58:53 +0000 2021	1465107965145337859	-	CV	1	@saiIupthesun I got the Pfizer booster after having my j&amp;j vaccine in April! I was pretty tired the day after and a little sore but nothing too extreme
171	Sun Nov 28 23:58:53 +0000 2021	1465107964084334593	/	CS	0	Florida Reports Lowest Daily COVID-19 Cases per Capita in US  https://t.co/SM1ZrnydzM
173	Sun Nov 28 23:58:52 +0000 2021	1465107959717842945	-	CS	0	"""With Covid studies, the quality of the evidence matters"". Putting a lot of poorly-designed studies together does not give you quality evidence: to date only one randomised study of masking, showing low efficacy; no adequate studies of ivermectin to date.  https://t.co/e1PgRRSZZ9"
174	Sun Nov 28 23:58:52 +0000 2021	1465107958061281280	-	CL	0	"@strobist @offbeatphotog For every political action, there is an equal and opposite action. Divisive politics will always be here, COVID was just the outrage du jour. https://t.co/Q0YVVugXdV"
176	Sun Nov 28 23:58:50 +0000 2021	1465107950759034890	/	CR	1	"@The_DHS SA gov is not serious about curbing covid spread &amp; stopping deaths. The new variant was created under level1 restrict. Everything is open &amp; it's business as usual. Ppl interacting &amp; everytime a new person gets infected, it's an opportunity for mutations to occur &amp; new variants"
177	Sun Nov 28 23:58:50 +0000 2021	1465107948871602181	/	CS	0	"@skodasays @fatdogz @redsteeze Ok, please tell me the closest virus to SARS-CoV-2 ever found in the wild. (I‚Äôll give you a hint, it‚Äôs a bat!)"
178	Sun Nov 28 23:58:49 +0000 2021	1465107948569391106	/	CT	1	@straits_times How could S'pore find out if Omicron is spreading inside when MOH announced on 2 Oct someone tested + with ART but no sympt cld just recover at home? Thus it is likely that Omicron is now spreading coz MOH hasn't been test sequencing for more than1.5 mths  https://t.co/AtbRaLmLzd
179	Sun Nov 28 23:58:49 +0000 2021	1465107945251872771	+	CV	1	@EdwardStockwell Damn I got Moderna.
180	Sun Nov 28 23:58:48 +0000 2021	1465107941854433286	/	CY	3	"@Philmachinist @mylazareth @nillumcm It's creeping up in a lot of places. COVID isn't done with us. BTW, they were both former co-workers. Just awful."
181	Sun Nov 28 23:58:47 +0000 2021	1465107938369060866	+	CY	17	LA: gets turned into bangtanland  canada: gets a new covid variant
182	Sun Nov 28 23:58:47 +0000 2021	1465107938029101058	-	CY	0	"Sir, there are things more important than justice; such as using your COVID-19 location scanner."
183	Sun Nov 28 23:58:47 +0000 2021	1465107937211392009	-	CY	0	"Will the Stock Market Crash Tomorrow due to New Covid Variant? Learn, Tr... https://t.co/qVqHSupjuf via @YouTube"
184	Sun Nov 28 23:58:46 +0000 2021	1465107935718264838	+	CV	1	@KryptonDon @jontalotta @WSJ Multiple studies show no reduced likelihood of infection with vaccination.  They show the same rate of spread in unvaccinated and vaccinated populations.  With hundreds of thousands of cases studied.  Only lowers likelihood of sever case.
185	Sun Nov 28 23:58:46 +0000 2021	1465107933495279617	/	CS	0	@CunningRedvers @UKCovid19Stats Elmbridge currently third highest local authority in England for the number of COVID cases today - and that‚Äôs pre-Omicron
186	Sun Nov 28 23:58:45 +0000 2021	1465107930349334531	/	CV	15	"Dont Panic,  Just practice same safety protocols  Moderna Says New Vaccine for Omicron May Be Ready in Early 2022 https://t.co/d8JI0hADI5"
187	Sun Nov 28 23:58:45 +0000 2021	1465107927681875976	/	CV	0	"@djmateo2 And still alive. Runs contrary to your beliefs, don't it?  I'm not ""anti-vaxx"" I just don't want your worthless jab.  You're going to get Covid eventually. Your waning anti-bodies won't last forever."
188	Sun Nov 28 23:58:44 +0000 2021	1465107927451250689	/	CV	5	@KevinMKruse @jonallendc Add some Pfizer to the painkiller
189	Sun Nov 28 23:58:43 +0000 2021	1465107923395399682	-	CS	0	not covid running wild in our house and i‚Äôm supposed to go back to work this week üò©üò©üòÖüòÖüòÖ
190	Sun Nov 28 23:58:43 +0000 2021	1465107922699046916	/	CV	2	@pipfox1 New Article: Was Dr. Andreas Noack murdered for what he discovered? #noack #austria #grapheneoxide #murder #virus #covid #coronavirus #raid #trump #biden   https://t.co/OtPvb8rqUt
191	Sun Nov 28 23:58:43 +0000 2021	1465107921390473216	/	CT	0	Colonel Sanders spreading covid variant simplex 2‚Å∞22 https://t.co/7vUkjrwbiV
192	Sun Nov 28 23:58:42 +0000 2021	1465107915325546497	-	CS	0	"Gov. Hochul delivers COVID-19 update by Sunday, November¬†28th https://t.co/iwf1rwqZVx"
193	Sun Nov 28 23:58:40 +0000 2021	1465107910338523141	-	CV	1	"@mudfootmama @UclaBruin1998 @funder People who don't vaxx don't care if they catch covid or give to someone else who may get sick or dies. Doing anything for ""the common good"" is of no interest to them"
194	Sun Nov 28 23:58:39 +0000 2021	1465107905636618241	-	CT	0	"@BurDarius Bullsht. I have not read anywhere that it's mutating because of the vaccine. That is absolute lunacy. @DrEricDing can respond to this. An actual epidemiologist, 16 yrs at Harvard and the first person to Tweet about COVID in Jan 2020. He is more reliable than  QAnon news üôÑ"
195	Sun Nov 28 23:58:39 +0000 2021	1465107905401823237	/	CY	0	@NeedlesOnNews Covid is not an issue for Littles ‚Ä¶
196	Sun Nov 28 23:58:38 +0000 2021	1465107899114471437	/	CL	2	@ImIncorrigible So I heard on LBC that Essex Police are hunting for people who might have been inconvenienced by lnsulate Britain protests to support a charge against climate change protestors. Just after COP26.   But these covid morons seem to be free to roam and spread their dangerous lies.
197	Sun Nov 28 23:58:38 +0000 2021	1465107898892226564	+	CL	0	"@TaylorEdLead Made good calls regarding half day schedules, setting up district wide Covid testing, and creating vaccination clinics for our 5-11s. This is what we‚Äôve been waiting for: Leadership. #ProudOfU #UnionStrong #TwpUnionSchools"
198	Sun Nov 28 23:58:37 +0000 2021	1465107897353129984	+	CY	12	"Looking back at the level of ridiculous my hair got to during COVID when barbers were closed has me in shambles.   TOUGH look, great interview - #StickTaps to The Great Dane @mads_sogaard üëäüèª https://t.co/CDSRulU7wl"
199	Sun Nov 28 23:58:37 +0000 2021	1465107896220491778	/	CV	0	U.S. focuses on booster shots as best strategy against new variant  A group of senior U.S. health officials had a call with South African scientists Sunday to understand the latest about the new omicron coronavirus variant and to help inform next steps ... https://t.co/lB1Fn0j5Rx
200	Sun Nov 28 23:58:37 +0000 2021	1465107896186773508	+	CV	2	"@Lzrdonawndwpan1 @michlwatkins @oopsiedaisy73 When I made an appointment for my 17yo to get his flu shot, I checked off that he‚Äôd like the covid booster, too, figuring I‚Äôd might as well try.  When he went to his appointment, they confirmed his second dose was 6 months prior then gave him the booster. Definitely worth trying."
201	Sun Nov 28 23:58:36 +0000 2021	1465107891409592329	/	CS	0	"#Egypt‚Äôs Health Ministry: 951 #coronavirus new cases,42 #COVID19 fatalities and 733 fully recovered ... via @24liveblog https://t.co/X5jaH4rIM8"
202	Sun Nov 28 23:58:36 +0000 2021	1465107890050670600	+	CS	0	Retweet selected by the https://t.co/kmOCQTFIJb team |  11 ways to boost morale in a COVID world #covid_ https://t.co/YIJFBsASnO https://t.co/HbUeKEDbMP
203	Sun Nov 28 23:58:35 +0000 2021	1465107889903706112	/	CL	61	I do not have enough eye rolling emojis for this  Green MP Ricardo Men√©ndez March raises concerns about 'inequitable' COVID-19 traffic light system | Newshub https://t.co/25dmyYYdZV
204	Sun Nov 28 23:58:35 +0000 2021	1465107888230174723	/	CT	0	"Olaf Scholz will likely be Germany's next chancellor, succeeding the retiring Angela Merkel. He's telling Germans that in meeting the threat posed by COVID-10's #Omicron variant, all options are on the table and nothing is being ruled out. https://t.co/1XQEKmz5M4"
205	Sun Nov 28 23:58:35 +0000 2021	1465107886938669056	-	CT	0	What We Know About the New Variant https://t.co/NuWzYTmrxN
206	Sun Nov 28 23:58:35 +0000 2021	1465107886439211013	-	CY	1	"@richo_1973 @vanOnselenP Gotta get your jollies where you can, in times of COVID üòÇ"
207	Sun Nov 28 23:58:34 +0000 2021	1465107883415146498	/	CR	8	"‚ñ∂Ô∏è Swiss express support for maintaining Covid measures, despite protests https://t.co/9lEL5JHlqn https://t.co/kcAByUPWEo"
208	Sun Nov 28 23:58:34 +0000 2021	1465107881972301833	/	CY	0	Japan stocks set to slide as investors continue to watch omicron Covid variant developments https://t.co/xaXFfkIumk #news #topstories #berkleybearnews
209	Sun Nov 28 23:58:34 +0000 2021	1465107881775099907	/	CY	0	Japan stocks set to slide as investors continue to watch omicron Covid variant developments https://t.co/d9emTg26Rl
210	Sun Nov 28 23:58:33 +0000 2021	1465107877643702278	+	CR	0	@WestJet is now taking the obvious step to introduce RAPID PCR testing from @LuciraHealth as an option for air travelers.  Current laboratory PCR testing confirms your #COVID status 2-3 days ago.  $LHDX tests confirm it 30 min. ago.  https://t.co/S2yxSfyxoS
212	Sun Nov 28 23:58:31 +0000 2021	1465107869163008000	-	CS	0	@patknadolski @Malinowski So are 1000 a day not dying from covid?
214	Sun Nov 28 23:58:30 +0000 2021	1465107867950882827	-	CS	3	@elwdbm @Boogie2988 Honestly dude I was gonna argue with you but someone I know died of Covid 3 days ago so just give me a break on this one ok
215	Sun Nov 28 23:58:30 +0000 2021	1465107866612809731	+	PL	105	"It took a while due to Covid, but this lovely parting gift from my Dublin parish friends has finally made it here. A watercolor of St. John Henry Newman‚Äôs University Church, Our Lady Seat of Wisdom, on St. Stephen‚Äôs Green. https://t.co/xMkofby2nK"
216	Sun Nov 28 23:58:29 +0000 2021	1465107863538438148	/	CR	7	"UPDATED: Ottawa Public Health is asking individuals who have been to eight countries, including Nigeria, within 14 days before arriving in Ottawa to self-isolate immediately and seek testing for COVID-19. #ottnews   https://t.co/Z6lW4NGFYk"
217	Sun Nov 28 23:58:29 +0000 2021	1465107861260881921	-	CV	0	"@CoryRove BTW, this clown Malone is the one spreading FEAR about the vaccine.  He's projecting.  COVID has killed almost 800,000 people in less than two years... protecting oneself isn't fear, it's intelligent."
219	Sun Nov 28 23:58:28 +0000 2021	1465107856777166850	/	CT	1	The last monitored variant sample from Arkansas was from the week of 11/6. The report only references Delta variant by name. What are the others. #arnews https://t.co/Dbe5v3KeNZ https://t.co/7y0gVP0QDI
220	Sun Nov 28 23:58:28 +0000 2021	1465107856479461382	+	CV	4	"@realjoerobin @NewsForAllUK As someone who doesn't like the idea of mandatory vaccination BUT dislikes british tourism more, i think this is the only good thing my government has done"
221	Sun Nov 28 23:58:27 +0000 2021	1465107855065948167	/	CR	0	Starforst system covid quarenteen thread - üßµ
222	Sun Nov 28 23:58:27 +0000 2021	1465107853883047940	/	CY	4	"It won't! Covid is here to stay, we need to learn to adapt and react to it as we have with the influenza virus. Get our annual vaccines, seek prescription treatment when necessary, and keep frequently hand washing. It's arrogant at this point to assume we can eradicate Covid. https://t.co/E0sGFBSTav"
223	Sun Nov 28 23:58:27 +0000 2021	1465107853342085128	/	CT	0	What is the omicron variant and other questions about the new covid-19 strain detected in South Africa - The Washington Post https://t.co/OJWE3Wmje2
224	Sun Nov 28 23:58:27 +0000 2021	1465107852578590722	-	CV	1	"Today on American Dummy.  Man near death from COVID19 won't take vax bc he's doing his research.   "" He said that he isn‚Äôt ‚Äúsold on the vax‚Äù yet, and that he‚Äôs ‚Äúwaiting for the best one to arrive.‚Äù  #UFC #SanDiego #covidvariant #HermanCainAward  https://t.co/YFulDop4PC"
225	Sun Nov 28 23:58:26 +0000 2021	1465107849265176587	/	CY	9	"@kylenabecker Why and how:  Dr. Sucharit Bhakdi discusses the fundamental reason for the current wave of ‚Äúbreakthrough infections:‚Äù   The failure of the COVID vaccines had to be expected, because fundamental principles of immunology were ignored in their design.  https://t.co/FtxBJOmld8"
226	Sun Nov 28 23:58:26 +0000 2021	1465107849017626631	/	CP	0	"@gmanews How about accelerating vaccination drives, testing, and contact tracing, instead"
227	Sun Nov 28 23:58:26 +0000 2021	1465107848313122818	/	CR	0	Donald Trump Jr. praises European 'riots' over COVID-19 restrictions and claims Americans sit back 'like sheep' https://t.co/y7iXmwlCXo
228	Sun Nov 28 23:58:25 +0000 2021	1465107845771366406	-	CT	0	Thank you South #Africa for warning the world about the Omicron virus. U saved many lives. Well wishes to your country. Hope nations send you covid shots. @BBCWorld @ABCWorldNews @NBCNews @gop @WHO @cnn @nytimes @BreitbartNews @latimes @USATODAY @guardian @TheDemocrats @Pontifex
230	Sun Nov 28 23:58:25 +0000 2021	1465107845628801028	/	CT	14	New variants? Yo! tot we done wit this covid sh*t! https://t.co/Bsm9NDii9v
231	Sun Nov 28 23:58:25 +0000 2021	1465107844269699072	/	CR	1	Analysts said that the government should be proactive and enforce travel restrictions along with boosting vaccination and containment efforts amid the spread of the Omicron variant.  FULL STORY with @katienzareports via @bworldph: https://t.co/PNCWUgp05f
233	Sun Nov 28 23:58:24 +0000 2021	1465107841698742277	/	CY	0	"@KXAN_News Excuse my daftness but wasn't this always free? and if the prices did change (last yr or so, covid, etc) it jumped up to $35? I certainly can't afford that. that will put food on my table for a week almost."
234	Sun Nov 28 23:58:24 +0000 2021	1465107841270923272	/	CL	11	"With a default public policy of individual liberty, everyone would be more likely to accept COVID-19 data, even if it disagrees with their preexisting perspective."
235	Sun Nov 28 23:58:24 +0000 2021	1465107840285089813	-	CY	0	@PaulZauch @GregDore2 At least we‚Äôll be blaming Covid for cancelling Xmas this year and not Muslims or ‚ÄúPC gone mad‚Äù
236	Sun Nov 28 23:58:23 +0000 2021	1465107838808862720	/	CS	0	@Traceynob1 @JimDunl0p @DanUtd88 @PoliticsForAlI @Telegraph From experience? Dosnt help that there is no room in a and e and mix known people with covid with everyone else.
237	Sun Nov 28 23:58:23 +0000 2021	1465107838561398784	/	CY	12	"Grilled marinated lamb chops with blistered tomatoes, and warm freekeh beets salad with mint and feta. Cooking in these winter Covid times https://t.co/ox2O15PI04"
238	Sun Nov 28 23:58:22 +0000 2021	1465107833867800579	+	CR	0	"San Jose Sharks place Evander Kane on waivers after betting allegations, COVID protocol suspension #CBSSports #NH... https://t.co/0F6ZFmRX7t"
239	Sun Nov 28 23:58:22 +0000 2021	1465107833649721349	/	CT	7	the greek alphabet looking at covid variants  https://t.co/2Ih3SbbTWa
242	Sun Nov 28 23:58:21 +0000 2021	1465107830487142402	-	CV	3	@henchnips @doritmi @TheFrankmanMN @MaryOskii @SallyJiggles @Twitter We know covid vaccines are less about preventing 100% of infections and more about preventing severe infections. Vaccines aren‚Äôt causing new strains.
243	Sun Nov 28 23:58:21 +0000 2021	1465107828931186691	/	CY	1	@sharkytoronto @mrandersoninneo @udnore Back in 2019 we hadn't Covid so we can go back to that. However flu was rampant and nobody cared about it or pushed for the vaccine even though the success rate of the flu jab is way better.
244	Sun Nov 28 23:58:21 +0000 2021	1465107828859940870	/	CV	0	@ThingsBeeSays99 @nz_topcat @AshtheAdvoc8 and then if you dont want the vaccine you become an inpatient... ok? So they're still getting care just not tailored to what they want? How is the government or company at fault for a patient refusing vaccination?
245	Sun Nov 28 23:58:21 +0000 2021	1465107827345743876	-	CV	2	This hits home. I got the 3rd dose of covid vaccine but why should my colleagues/family/friends in India and rest of the world be deprived of it? Global vaccine equity is paramount. #VaccinEquity https://t.co/uBcVX6O1Kl
247	Sun Nov 28 23:58:19 +0000 2021	1465107822610370571	+	CV	1	"The good news is, it only effects vaccinated people and half or actually 2/3rds of South Africa isn‚Äôt vaccinated. No need for hospital visit, everyone recovers at home - sounds like #JustAFlu  #flu #NewVariant #covid #vaccine #CovidVaccine #COVID19 #OmicronVariant #Omnicron https://t.co/bh67bP5Uyb"
248	Sun Nov 28 23:58:19 +0000 2021	1465107822513770496	-	CP	31	"I still can't believe many schools in the US aren't mandating masks and some governing bodies have actually banned the simple life-saving measure.  It's truly horrifying that we've let insane anti-masking, COVID-deniers set the narrative and limit our public health tools..."
249	Sun Nov 28 23:58:19 +0000 2021	1465107822350372874	/	CY	0	"The truth: the CCP caused the COVID pandemic, intentionally or not. Therefore, the CCP is liable for damages. The U.S. ought to file a class action against the CCP, representing some 300 million Americans."
251	Sun Nov 28 23:58:19 +0000 2021	1465107819666026502	/	CS	2	"@MsFayeBishop Ya know what‚Äôs really weird? Not a week ago, I read an article on how scientists are dumb founded that COVID isn‚Äôt ravaging Africa and not a week later‚Ä¶here we are‚Ä¶ü§î"
252	Sun Nov 28 23:58:18 +0000 2021	1465107817858101248	-	CL	9	"Fauci fires back at Cruz over COVID claims: ‚ÄòI should be prosecuted? What happened on Jan. 6, senator?‚Äô https://t.co/JfpzZPT6GE"
253	Sun Nov 28 23:58:17 +0000 2021	1465107813684809731	+	CT	7	"@henchnips @handmadekathy @TheFrankmanMN @MaryOskii @SallyJiggles @Twitter No, actually. Variants arise when the virus spreads a lot. The unvaccinated are contributors to that, the vaccinated reducing it.  https://t.co/EbfRzvvwcc"
254	Sun Nov 28 23:58:17 +0000 2021	1465107812414021639	/	CT	0	"@zerohedge Thinking about the latest COVID variant, I ask myself: what new lesson does humanity have to learn?  After trying to solve the problem where each country taking care of its citizens, maybe it's time to transform and increase the level of collaboration between nations‚Ä¶"
255	Sun Nov 28 23:58:17 +0000 2021	1465107811839496198	/	CT	0	So the WHO apparently have fore knowledge that COVID-19 would ‚Äúdefinitely‚Äù have variants and have already given names to the new strains ahead of time as far back as May 2021.  If nobody still thinks this isn‚Äôt a deliberate political movement then I don‚Äôt know #OmicronVariant
257	Sun Nov 28 23:58:17 +0000 2021	1465107810895679496	/	CV	6	@graykimbrough 2nd vax is also a nice occasion to support your local ice cream shop @Moorenkos.  Pfizer pairs well with marshmallow and cookie overload. https://t.co/x0zpoHoMK3
258	Sun Nov 28 23:58:16 +0000 2021	1465107809650069505	-	CY	0	"@SuzeQKnits Ugh, I'm so sick of this COVID thing. ü§Æ It's starting to remind me of a bad rush party!"
259	Sun Nov 28 23:58:16 +0000 2021	1465107807397634053	-	CV	1	@redpill4me @MrSkinnyLegz @ceelzm It's because your chart implies increases where there are decreases. And it implies that the death rate for vax is much higher than unvax.   Unvax all death: 22.9 Fully vax all death : 15.5 Unvax covid: 5.4 Fully Vax covid: 1.1  https://t.co/scShFBta7Q
260	Sun Nov 28 23:58:16 +0000 2021	1465107807074766849	-	CY	0	This COVID mess scares me
261	Sun Nov 28 23:58:16 +0000 2021	1465107806051356680	/	CS	0	South Shore ceremony honors residents who died from¬†COVID-19 https://t.co/RXLMnsTKAP
262	Sun Nov 28 23:58:15 +0000 2021	1465107805803888641	-	CS	2	"@nadhimzahawi CoVID is now infecting 4% of our primary school children. For every child: 10 day‚Äôs isolation, at least 1 parent off work to care &amp; virtually bound to be infected along with other fam members. Why are you not requiring ‚Äòsafety measures‚Äô in schools Ms Throup tells me are advised?"
263	Sun Nov 28 23:58:15 +0000 2021	1465107803706691587	-	CY	0	"@TeraSmi74725505 @jpurepax @EthicalDavid I am using your words ‚Äòfake virus‚Äô.  It does exist.  My mother died from it.  I hope your faith, and nothing else, keeps you away from covid.  Just like the serpent preachers you lot are so fond of, I hope it doesn‚Äôt come back to bite you‚Ä¶."
264	Sun Nov 28 23:58:15 +0000 2021	1465107802704297990	-	CR	16	My oldest kids school is closing for the week and up to ten days because of COVID in the @tdsb Thanks for these super safe schools @Sflecce!
265	Sun Nov 28 23:58:15 +0000 2021	1465107802289025026	/	CR	53	"UPDATED: Ottawa Public Health is asking individuals who have been to eight countries, including Nigeria, within 14 days before arriving in Ottawa to self-isolate immediately and seek testing for COVID-19. #ottnews   https://t.co/CO166D1N9b"
266	Sun Nov 28 23:58:14 +0000 2021	1465107798442885128	/	CL	0	"I'm really tired of this.  I mean, really --am I the only one in America who ISN'T ""confused"" by the Biden Administration's messaging on COVID and boosters??  How hard is it to find Fauci on TV ...and LISTEN to him?? https://t.co/3KZm9VImkV"
267	Sun Nov 28 23:58:14 +0000 2021	1465107798010830854	-	PL	0	After every run I cough and wonder if I'm starting covid symptoms
268	Sun Nov 28 23:58:13 +0000 2021	1465107797524160514	-	CR	0	"@RailMinIndia No curtains, No blankets in Second AC because  of COVID but alloting seat in RAC! Bhrigu Express 22427 PNR 2811556920"
269	Sun Nov 28 23:58:13 +0000 2021	1465107797121519616	+	CY	0	Early Treatment for Covid-19 with SARS-CoV-2 Neutralizing Antibody Sotrovimab | NEJM https://t.co/qNSiPQrm8c
270	Sun Nov 28 23:58:13 +0000 2021	1465107796794486787	-	CP	0	"By the end of 2020, the United States, with 4.5% of the world's population, had 25% of the COVID-19 deaths, 95% of which occurred in U.S. hospitals with Remdesivir protocols...  All by 1 man's direction   Almost at the end of 2021.   Same bull üí© https://t.co/2AGa6Oafpl"
271	Sun Nov 28 23:58:13 +0000 2021	1465107796102287369	-	CY	0	@desdine00 That‚Äôs cause I have covid everything makes me grab my inhaler rn girl
272	Sun Nov 28 23:58:12 +0000 2021	1465107792663044105	/	CT	0	"""Allowing new variants to emerge and spread, 13 months into the vaccine era, is a policy choice by the rich world.""  https://t.co/GWEEYq7uGr via @commondreams"
273	Sun Nov 28 23:58:12 +0000 2021	1465107792252084232	/	CV	97	@ldboehm0 @ColonelRebel87 @DefiantLs Pfizer WAS under EUA before it was approved. It still technically is for those under 16.
274	Sun Nov 28 23:58:12 +0000 2021	1465107791891337219	-	CT	2	"Well here in Chinada!! Ottawa already has the new Variant, but don‚Äôt worry folks Big Pharma has a plan!! Cause these jabs work great against COVID and Delta  and Lambda right!!! Sheep, bah, sheep https://t.co/N1uiYOxsXk"
276	Sun Nov 28 23:58:12 +0000 2021	1465107790293254144	/	CV	0	Replicating a vaccine shot: Africa's scramble to find its own solution as vaccine inequity and inefficient distribution leaves the threat of more variants looming.  https://t.co/RpO02SkBvB https://t.co/tqTw6C22lA
277	Sun Nov 28 23:58:12 +0000 2021	1465107790251266051	/	CS	41	@CBCCalgary In order for those 2 people to have been admitted to Canada they must have been fully vaccinated and had a negative covid test at least 72 hours before arrival.  So these cases must be in the fully vaccinated.
278	Sun Nov 28 23:58:12 +0000 2021	1465107789655658500	/	CY	0	@AlanBixter Good thing we don't have massive covid 19 cases in schools. It ks very different in other countries. Covid 19 behaves so well in Australia.
279	Sun Nov 28 23:58:11 +0000 2021	1465107788896555020	-	CY	0	"@Chriswalshuk1 @thecoastguy Making what up? This new variant, or the whole Covid pandemic?"
280	Sun Nov 28 23:58:11 +0000 2021	1465107788816961540	/	CP	1	@SixOfRobins I totally would but the covid test has to be 3 days after the tournament and I‚Äôm going back to Illinois the day after the tournament.
281	Sun Nov 28 23:58:11 +0000 2021	1465107786556227587	/	CV	3	@DrDiniel @DaveKeating They find freedom a difficult concept to grasp. As shown by the readiness of some continental countries to make Covid vaccination compulsory. We used to be able to kid ourselves that other countries were moving in our free direction.
283	Sun Nov 28 23:58:10 +0000 2021	1465107783943168001	-	CL	1	@nypost Catholic charities &amp; Biden will be dropping off our variant infected boarder crossing immigrants to anonymous city and states as soon as they arrive. üòâ  I miss AMERICA FIRST.  ¬†https://t.co/bIehlVIjhT
284	Sun Nov 28 23:58:09 +0000 2021	1465107778779828233	-	CT	0	New variant hysteria comes from same institution that popularized lockdowns &amp; previous COVID scares - by Jordan Schachtel - The Dossier https://t.co/2Qf1NlvFjY
285	Sun Nov 28 23:58:09 +0000 2021	1465107777064353792	-	CS	0	@ChannelNewsAsia China identified the coronavirus that originate in the US which the US was negligent to do.
287	Sun Nov 28 23:58:08 +0000 2021	1465107774459817987	-	CS	1	@ECR_Newswatch @ecr9495 SA gov is allowing a situation for more mutations to occur &amp; more new variants.  YOU CANNOT HAVE AN OPEN SOCIETY WITH PEOPLE PHYSICALLY INTERACTING &amp; SPREADING THE VIRUS! We need to stop physical interaction to stop the spread &amp; flatten the curve IF we serious bout stopping covid
288	Sun Nov 28 23:58:08 +0000 2021	1465107774296281095	-	CL	4	üá®üá¶üßêüëá Ottawa tables legislation to begin 'last step' of Canada's COVID-19 support programs. https://t.co/dv3c2nxjS8
290	Sun Nov 28 23:58:08 +0000 2021	1465107773750792192	/	CT	1	"Omicron variant now in North America, Canadian officials say  Omicron COVID variant may already be in America, Dr. Fauci    Ho Yes !"
291	Sun Nov 28 23:58:08 +0000 2021	1465107773528502275	+	CY	2	Therapy dogs are being brought to COVID-19 vaccination clinics to help people -- including children -- who are nervous about getting their shots. https://t.co/ThVdYlREGH
293	Sun Nov 28 23:58:07 +0000 2021	1465107769116217345	-	CS	15	Michigan fans ignore Covid... Incredible scene at the Big House... https://t.co/3BmVfq2oLU
294	Sun Nov 28 23:58:07 +0000 2021	1465107768675913731	-	CS	0	"@rolandsmartin @laralogan This sounds a lot like ""There wouldn't be so many cases of Covid if they wouldn't do so much testing."" Who said that? ü§î"
295	Sun Nov 28 23:58:06 +0000 2021	1465107767127986179	-	CR	3	The Covid 19 lock down made me retardedd  https://t.co/XZA2C3Gimn
296	Sun Nov 28 23:58:06 +0000 2021	1465107765072912386	-	CY	0	@abbynormal75 @davidhogg111 Yes the economy took a crap when covid hit.  But that would have happened regardless of who was in the WH.    There is not a major economy in the world that did not take a massive hit in early 2020. Not one.
297	Sun Nov 28 23:58:06 +0000 2021	1465107764259307523	+	CV	0	"@parisofprairie Glad you‚Äôre here to tell your story and encourage vaccination. Happiest of birthdays, too!!! üññ"
298	Sun Nov 28 23:58:05 +0000 2021	1465107764074762244	+	CP	0	@denisewu I get mine next week!  I have a face for mask apparel soooo‚Ä¶. I‚Äôm keeping mine in even after covid.  ü§∑‚Äç‚ôÇÔ∏è
299	Sun Nov 28 23:58:05 +0000 2021	1465107762052878336	+	CV	3	GLDSSA community! Another vaccination event is coming up on December 4th! All info is here! Take advantage of this opportunity!!! #OneTeamUnaFamilia #YesWeCanSiSePuede https://t.co/IsNkXMrYoC
300	Sun Nov 28 23:58:05 +0000 2021	1465107761545441284	+	CV	0	its my first vaccination today so i dont really know if i can watch it later üò≠üò≠
301	Sun Nov 28 23:58:05 +0000 2021	1465107761541361666	-	CY	6	"I‚Äôd missed this, but it‚Äôs a welcome corrective to @KPIXtv  reporters who let this happen.   Borenstein: Cal Bears COVID controversy fueled by doctor‚Äôs false claims https://t.co/jUNyxYw5xx via @eastbaytimes"
303	Sun Nov 28 23:58:05 +0000 2021	1465107761210052612	-	CL	0	"@McCorkle_Szn @jmatt426tx @rufusgifford @POTUS I'm in your predicament. Biden isn't the one who deregulated everything. He's got A LOT to ""undo"". I believe he's strategically going as fast as he dares. The deferments were HUGE for all of us. Trump created the Covid Cluster. Biden has SEVERAL #1 problems. Give him a chance. üëç"
304	Sun Nov 28 23:58:04 +0000 2021	1465107759142158348	/	CP	1	COVID-positive Czech president appoints new PM from plexiglass cubicle | Reuters https://t.co/6uWJqr7WPw
305	Sun Nov 28 23:58:04 +0000 2021	1465107756654993412	/	CY	2	@JBear71435961 @lim3cordial @MyHerbFoods @TheKiraHensley @Reuters There is no difference‚Ä¶ either you trust the science or you don‚Äôt‚Ä¶ you don‚Äôt get to be selective as the same people working in cancer medications and treatments are the same ones working in Covid.
306	Sun Nov 28 23:58:04 +0000 2021	1465107756109549572	/	CT	1	"#OmicronVariant ‚Äò#Omicron 6 times more transmissible than #Delta, could infect even vaccinated‚Äô #coronavirus  https://t.co/ppsi8Jfti7"
307	Sun Nov 28 23:58:03 +0000 2021	1465107755107332098	-	CS	0	"@JodyHol13179563 üòÇüòÇ They can‚Äôt &amp; never have isolated the so-called Covid ü§¶‚Äç‚ôÄÔ∏è  so HOW can they test for a variant ? With what ? A Magic wand , Crystal ball ü§®  They make it up as they go along &amp; sheeple believe it üôÑ ‚Ä¶.god give me strength üò¨"
308	Sun Nov 28 23:58:03 +0000 2021	1465107754188742664	/	CS	0	"UPDATE! 58 New COVID-19 Cases, 70 Discharged And 0¬†Deaths https://t.co/syM32yUNO6"
310	Sun Nov 28 23:58:03 +0000 2021	1465107751823187969	-	CT	0	How come whenever I‚Äôm planning on flying home there‚Äôs a new COVID variant? Like flying already makes me nervous
311	Sun Nov 28 23:58:02 +0000 2021	1465107750296379401	/	CY	0	What are the key longer-term implications flowing from the Coronavirus pandemic? Click here:  https://t.co/LtF0o1NPs0 to find out https://t.co/0uL15Totnp
312	Sun Nov 28 23:58:02 +0000 2021	1465107748476100611	/	CP	0	"# Districts w/ Full Mask Mandates: 14 # Districts w/ Partial Mask Mandates: 16  **Council Bluffs CSD removed their mask mandate, effective 11/8/21.  https://t.co/dRorPUtp7X https://t.co/CFXxkxNVSC"
313	Sun Nov 28 23:58:01 +0000 2021	1465107745242296329	-	CV	4	"@InfoMenso @keyjacknewyork @rufusgifford How about leaving Afghanistan, even though the orange troll sold the country to the Taliban. How about vaccine distribution? Something that Trump had no plan for, while he screamed about winning the election. Trump leveled the economy, messed up the Covid response 1/2"
314	Sun Nov 28 23:58:01 +0000 2021	1465107743501651973	/	CS	0	# Public School Districts Reporting: 129 out of 327 # Students Currently COVID+: 797 # Staff Currently COVID+: 153 # Students/Staff Combo Currently COVID+: 351 2021-2022 Students COVID+: 11002 2021-2022 Staff COVID+: 2092 2021-2022 Combo COVID+: 4525  https://t.co/dRorPUtp7X https://t.co/vBRsSC4XOd
315	Sun Nov 28 23:58:01 +0000 2021	1465107743342088201	/	CT	3	Forbidden COVID variant https://t.co/LmkuD2manq
316	Sun Nov 28 23:58:00 +0000 2021	1465107742843097089	-	CY	33	"FWIW, I independently confirmed these things with my dad and his farmer friends this weekend.  Supply chain disruptions from COVID policy coupled with price increases from inflation caused by the Fed‚Äôs monetary policy will have scary ramifications on a fragile system."
317	Sun Nov 28 23:58:00 +0000 2021	1465107741949800449	-	CV	0	@redboybroken @mysorepack They have very low vaccination rates/low rates of immunity
318	Sun Nov 28 23:58:00 +0000 2021	1465107739462582276	-	CV	176	@GregAbbott_TX Complaining about Covid while pushing vax hesitancy and killing your own base.  #GOPHypocrisy https://t.co/5SkzKyruHC
319	Sun Nov 28 23:58:00 +0000 2021	1465107739299008523	/	CS	0	Confirmed Influenza+ Iowans Hospitalized: 2  Confirmed Influenza+ Iowans in ICU: 0  Confirmed Influenza+ &amp; COVID+ Iowans Hospitalized: 1  Total Influenza+ Deaths: 13 (HHS data as of 11/28/2021)  https://t.co/hFPOmq8Yvv https://t.co/lqgCNVW3Jn
320	Sun Nov 28 23:57:59 +0000 2021	1465107736186605568	-	CV	0	@RobbieSherman77 @Zigmanfreud Our ERs/ICUs are overflowing because of you sociopaths. The economic recovery is already here because cities/companies have mandates and vaccination rates to get back to business. But we need to stop caring for the unvaccinated with COVID in our hospitals to get full normalcy.
322	Sun Nov 28 23:57:59 +0000 2021	1465107735217848326	/	CS	0	"@loveforthehomi2 @MbtaCovidiots US has had 799,383 deaths from COVID, 10,857 is tiny in comparison to unvaccinated deaths.  Also that figure of 10,857 isn‚Äôt fully vaccinated - it includes only one vaccination which isn‚Äôt a full course of vaccination!"
323	Sun Nov 28 23:57:59 +0000 2021	1465107735075340288	/	CT	0	Confirmed COVID+ Adults Hospitalized: 627 ‚¨ÜÔ∏è Confirmed &amp; Suspected COVID+ Adults Hospitalized: 650 ‚¨ÜÔ∏è Confirmed COVID+ Kids Hospitalized: 10 ‚¨ÜÔ∏è Confirmed &amp; Suspected COVID+ Kids Hospitalized: 12 ‚¨ÜÔ∏è (HHS data as of 11/28/2021)  https://t.co/hFPOmq8Yvv https://t.co/9f5jK1vDoZ
324	Sun Nov 28 23:57:58 +0000 2021	1465107734043537409	-	CL	39	"@FoxNews For those asking, what progress? ‚Äî  Millions of new jobs under Biden aren‚Äôt just replacing jobs lost to covid. Lowest unemployment since 1969. Stocks keep going up, without the volatility of last few years. All before infrastructure bill really kicks in."
325	Sun Nov 28 23:57:58 +0000 2021	1465107732663398405	-	CV	0	"@GDoc2001 Nope. Try looking at the VAERS data on bad reactions to the vaccines. As grim as they are, it is alleged problems have been under reported. 30,000 have become PERMANANTLY disabled. Some see this as an unacceptable risk given the covid survival rate. BTW, I got the Moderna shots."
326	Sun Nov 28 23:57:58 +0000 2021	1465107731237515271	-	CP	1	"@ECR_Newswatch @ecr9495 SA gov is not serious about curbing covid spread &amp; stopping deaths. The new variant was created under level1 restrict. Everything is open &amp; it's business as usual. Ppl interacting &amp; everytime a new person gets infected, it's an opportunity for mutations to occur &amp; new variants"
327	Sun Nov 28 23:57:57 +0000 2021	1465107730130251782	/	CS	0	Total Confirmed COVID+ Iowans Hospitalized: 637 ‚¨ÜÔ∏è Total Confirmed &amp; Suspected COVID+ Iowans Hospitalized: 662 ‚¨ÜÔ∏è Confirmed Adults in COVID+ ICU: 139 ‚¨ÜÔ∏è  (HHS data as of 11/28/2021)  https://t.co/hFPOmq8Yvv https://t.co/59Dr70xypG
328	Sun Nov 28 23:57:57 +0000 2021	1465107727890350082	/	CS	1	Daily US Covid Deaths by County For MD   2021-11-26:  Covid Insights From Our Analytics Team and USAFacts #datavisualization #datascience #analytics #health #data #covid19 #publichealth #covid #globalhealth https://t.co/tf3pVdr8h6
331	Sun Nov 28 23:57:56 +0000 2021	1465107724195278857	-	CV	0	Came saw and that shit don‚Äôt make sense at all. Cause RNA is what allows the changes in viruses but that‚Äôs also what‚Äôs being injected.. ok cool so I need to keep reading apparently  https://t.co/EGOFVsij3N
332	Sun Nov 28 23:57:56 +0000 2021	1465107723079471105	/	CV	0	St. Paul police sue over COVID vaccine mandate https://t.co/7ZGwVOAhVm
333	Sun Nov 28 23:57:55 +0000 2021	1465107721905053698	/	CY	0	"#Murdoch's Sky News--more correctly : Sty ""News""--is to good journalism what COVID-19 is to good health. https://t.co/grwaVHQsVR"
334	Sun Nov 28 23:57:55 +0000 2021	1465107720961286145	-	CP	1	@BTSLiveStreamin I think new music is coming but tour maybe impossible for now coz of new covid.üò≠üò≠üò≠
335	Sun Nov 28 23:57:55 +0000 2021	1465107720370016262	/	CS	0	"# of LTC Outbreaks: 91  Weekly New LTC Positives: 111 Residents, 140 Staff Weekly New LTC Deaths: 12 Residents, 0 Staff Total COVID+: 12780 Residents, 14261 Staff Total Deaths: 2544 Residents, 36 Staff (CMS data as of 11/14/21)  https://t.co/xyjfcKbXf3 https://t.co/jG9ZhoM1n4"
337	Sun Nov 28 23:57:54 +0000 2021	1465107715483738112	-	CL	0	"Is anyone seeing the daily COVID death count for Biden that was reported daily for Pres. Trump?  Biden said he'd end COVID, but we still have vaxxed &amp; unvaxxed people dieing daily. Just curious because his count should be passing the previous presidential count which is not good!"
339	Sun Nov 28 23:57:54 +0000 2021	1465107714246430723	-	CP	42	Brazil has an anti-vax president *during the vaccination campaign* -- Trump was gone by the time we started! -- and Brazilians consume just as much social media. The difference? A trusted free-at-use public health care system working hard everywhere. https://t.co/NlZ9AuZhY8
340	Sun Nov 28 23:57:53 +0000 2021	1465107712421814279	-	CP	2	@goldenscalerRDH @KashPrime @JustinTrudeau What's Trudeau going to do? Health Canada has authorized a 3rd dose of Pfizer for all adults. It's up to the provinces to implement. We gave 10 million doses sitting in reserve.
341	Sun Nov 28 23:57:53 +0000 2021	1465107711884886018	/	CS	0	"Thanksgiving Dinner at my brother‚Äôs: I was a good crazy uncle and didn‚Äôt bring up politics and/or science and/or reality and/or any of the other things that are correct, but did silently listen to my ‚Äúdo your own research‚Äù bro spread Covid bullshit to his adult kids."
342	Sun Nov 28 23:57:53 +0000 2021	1465107711645958150	/	CS	1	Iowa COVID+ Update: 11/28/2021  Cumulative COVID+ Iowans: 522858 Cumulative COVID+ Tests: 564379 Cumulative COVID Deaths: 7412 (NCHS death data as of 11/20/21)  *The CDC does not report on Sunday or Monday.  https://t.co/G37jyxkcDa https://t.co/wmQskmST4R
343	Sun Nov 28 23:57:53 +0000 2021	1465107711490768899	+	CY	0	"@HankMFRearden @zerohedge ""more supply chain shocks""  perhaps some but minor compared to late 2021 digging out of the 2020 Covid supply-demand mismatch"
344	Sun Nov 28 23:57:52 +0000 2021	1465107708076507144	/	CV	0	Ten reasons why we got Covid-19 vaccines so quickly without 'cutting corners'  https://t.co/UVuJSGUel4
345	Sun Nov 28 23:57:52 +0000 2021	1465107707506028546	/	CT	4	Canada's first cases of the omicron coronavirus variant confirmed in Ottawa  Health Minister Jean-Yves Duclos said the confirmation of two omicron cases is a signal that the country's monitoring system is working but to expect more cases of the variant. https://t.co/hOkBIxrndG
346	Sun Nov 28 23:57:50 +0000 2021	1465107700757323778	/	CV	32	Covid-19 Booster Shot https://t.co/TrzHPhwYH7
347	Sun Nov 28 23:57:49 +0000 2021	1465107696802275334	-	CR	2	"@SquirrelzSilly @Penny_Lane_Pup Fis meks me so mad üò†, our hoos trust fees hoos! M&amp;D tek me to our pawper vet, but it was a week (covid restrictions) afore me got seen‚Ä¶ fank dog them did tho üò¢"
348	Sun Nov 28 23:57:49 +0000 2021	1465107693736136704	/	CV	0	"""The clinical trials of Pfizer‚Äôs coronavirus vaccine found that the all-cause mortality rate of the vaccinated group was higher than that of the control group,""  https://t.co/3mdFOLQgZ7"
349	Sun Nov 28 23:57:49 +0000 2021	1465107693660745736	+	CP	0	@5_Coogs A dear friend of mine is going through chemo.  She already masked before Covid but now she uses a mask and shield.  I avoid judging people bc I don‚Äôt know what they are going through in life.
350	Sun Nov 28 23:57:48 +0000 2021	1465107691542650880	-	CY	0	@stewwarn6 @NEAToday No ones refusing to do their job lol. They are quitting &amp; no one is entering the profession anymore. 50% quit after 5 years before covid
351	Sun Nov 28 23:57:47 +0000 2021	1465107686056509441	/	CV	1	@abhinemani Your CLEAR digital vaccine card is approved by New York City as an acceptable proof of vaccination! Enjoy the Big üçé!
352	Sun Nov 28 23:57:47 +0000 2021	1465107684865282058	/	CV	2	@ScatteredWhimsy @ThyNorse @RealCandaceO Yeah aspirin has been around decades too and it‚Äôs great stuff.  But doesn‚Äôt do anything for COVID.  And vaccines are better than natural immunity.  Glad I‚Äôm triple vaxxed.  But you do you. Plenty of ventilators available at least!
353	Sun Nov 28 23:57:45 +0000 2021	1465107678636625924	/	CT	0	"Stock futures move higher after Friday's big sell-off, investors monitor omicron Covid variant  https://t.co/SluGZ6ndEI"
354	Sun Nov 28 23:57:45 +0000 2021	1465107677529448448	-	CV	0	"Assuming my scheduled surgery date actually holds and isn‚Äôt canceled/postponed due to COVID anti-vaxxers clogging the healthcare system, that means 10 months from the time of my fall until surgery. What a great #healthcarefailure we have. Could I go somewhere else?"
355	Sun Nov 28 23:57:44 +0000 2021	1465107675847479298	-	CT	1	@UK_Centrist @BallouxFrancois We don't know where variants arose....just where they were discovered.   Africa as a continent has the lowest death rates in the world from COVID.  https://t.co/wO4e4aKQkc
357	Sun Nov 28 23:57:44 +0000 2021	1465107674387914755	+	CS	0	"@HZiauddeen Vaccines have always been the way out, regardless of isolating, masks, track &amp; trace etc which were merely measures designed to slow down transmission until the vulnerable were vaccinated.  Immunity through vaccination or infection are the way out. Everything else is irrelevant."
358	Sun Nov 28 23:57:43 +0000 2021	1465107668524314635	/	CV	3	@HighImpactFlix Expression of Concern: Abstract 10712: Mrna COVID Vaccines Dramatically Increase Endothelial Inflammatory Markers and ACS Risk as Measured by the PULS Cardiac Test: a Warning https://t.co/QrJ9zShWBm
359	Sun Nov 28 23:57:42 +0000 2021	1465107667396050947	/	CT	7	"""the emergence of new variants was 'a natural consequence of being too slow to vaccinate the world.'"" ‚ÄîMichael Head, senior research fellow in global health at the University of Southampton  https://t.co/4iOvSTfUEi  Also: Up is Down, Black is White, Left is Right https://t.co/hNSInBr1nc https://t.co/gNzUvASyVJ"
360	Sun Nov 28 23:57:42 +0000 2021	1465107667295170560	/	CT	1	They‚Äôll promise the moon to make a buck. #DoNotComply  #Moderna CMO says Omicron variant may elude current vaccines https://t.co/2XGDUwp092
361	Sun Nov 28 23:57:42 +0000 2021	1465107665856696324	-	CV	0	"@g0r0_z0r0 @anthonysimone95 Do you have any other ‚Äúevidence?‚Äù By the way, this data comes from the Oxford COVID vaccine trial group. That‚Äôs for AZ, imagine what Pfizer can do. Better than 13-15, lol!"
362	Sun Nov 28 23:57:42 +0000 2021	1465107665768566790	-	CS	0	And yet 10% of people arriving in the Netherlands from SA were covid positive. How can it he possible to have just 2500 per day nationwide?  The numbers don't stack up. https://t.co/zaumjPwLsq
363	Sun Nov 28 23:57:41 +0000 2021	1465107662295777285	-	CR	21	#SouthAfrican visitors to Israel whose flight left before the government decided to ban arrivals from there and who were ejected from #Israel upon their arrival have said they were treated ‚Äúlike criminals‚Äù and ‚Äúenemies of the state.‚Äù  https://t.co/YwLcVd9MHi
364	Sun Nov 28 23:57:41 +0000 2021	1465107660911566848	-	CP	506	Sun-sentinel: ‚ÄúSecrecy and spin: How Florida‚Äôs governor misled the public on the COVID-19 pandemic‚Äù https://t.co/NpBRb1uYHo
365	Sun Nov 28 23:57:40 +0000 2021	1465107659070214147	-	CV	0	"@Walgreens it is completely unacceptable that you not only cancelled our children‚Äôs second vaccination appointment that was made over a month ago, but that you then refused to offer us the option of putting us on a waitlist to call once you receive your next shipment."
366	Sun Nov 28 23:57:40 +0000 2021	1465107656402771969	+	CV	11	should i get a booster shot tomorrow 4 the covid vaccine
367	Sun Nov 28 23:57:40 +0000 2021	1465107655647707137	/	CT	70	"Omicron variant may be 'net positive' news if new mutation kills off more lethal Delta coronavirus.   90% of new infections in Johannesburg are Omicron strain but, so far, the death rate &amp; hospital admissions appear not to be increasing.   #Covid  https://t.co/3jD2hAwKi3"
368	Sun Nov 28 23:57:40 +0000 2021	1465107655324745734	+	CY	2	"@LesaRenee333 Even without Covid, some people never get to experience what you did. Treasure your memories and know that you are fortunate."
369	Sun Nov 28 23:57:39 +0000 2021	1465107654431412227	-	CY	0	"@Xena67385282 @RSBNetwork Not sure where you get your news. No one is giving anyone $450,000. And plenty of Americans are infected with Covid. Read a paper. Love your fear tactics though. You feed off of it. Your sick."
370	Sun Nov 28 23:57:39 +0000 2021	1465107654297145353	-	CT	1	"@bunter888 @MainsMains3 Did you know they‚Äôve never isolated the Covid 19 virus , which also means they‚Äôve not isolated any variants so they don‚Äôt test you for variants so no hospital actually knows what variant you have . pcr tests are not proficient and can show a false positive result to Covid FACT"
371	Sun Nov 28 23:57:39 +0000 2021	1465107652829081601	-	CY	1	"Anti-covid and pro-m/arcos people have so much in common. Both don‚Äôt give a shit if the bad things don‚Äôt happen to them, which is why they think they‚Äôre right ü•±"
372	Sun Nov 28 23:57:39 +0000 2021	1465107652405436418	-	CY	1	"If not for covid, she will still be here today. Allah loves you more nek, you dont have to suffer anymore. Al-Fatihah."
373	Sun Nov 28 23:57:38 +0000 2021	1465107650576801795	/	CS	0	More COVID Headlines in Fire Law News: From Butt Wipes to Litigation - Fire Law Blog https://t.co/mIKrGLLpqa
374	Sun Nov 28 23:57:38 +0000 2021	1465107650526461960	+	CV	6	"Our three youngest grandchildren got their Covid vaccines today-6 8, and 10 years old and the 8 year old has cancer. If they can get the vaccine, so can you."
375	Sun Nov 28 23:57:38 +0000 2021	1465107650216177666	/	CT	0	Omicron variant spreads to Australia and more of Europe - https://t.co/tA6ec0jXps
376	Sun Nov 28 23:57:38 +0000 2021	1465107647552622597	-	CT	0	@ACTHealth Have we had a Case of the Omicron Covid Strain the ACT or is today's figures Delta Strain
378	Sun Nov 28 23:57:38 +0000 2021	1465107647028416514	/	CY	0	‚ÄúCovid mentality normalises behaviours over humans we won't tolerate over animals‚Äú. https://t.co/mV2f1QamuY
379	Sun Nov 28 23:57:37 +0000 2021	1465107646088982529	+	CS	0	"So with all scaremongering Omicron reporting going on at the moment, let's all take a time out &amp; listen to Dr Angelique Coetzee, the person who first discovered the new covid variant.. permission to laugh at all the folks wanting tougher restrictions afterwards, is granted ;-) https://t.co/WS0t5PruPe"
380	Sun Nov 28 23:57:37 +0000 2021	1465107644864241665	/	CS	1	"Flyers linking Jewish community to COVID pandemic found at homes in Beverly Hills, police¬†say https://t.co/3d3g9GOYPf"
384	Sun Nov 28 23:57:36 +0000 2021	1465107642322493444	/	CT	0	Small businesses face 'very difficult' process for COVID aid as Omicron looms https://t.co/2J71K7eyY1 via @Yahoo
385	Sun Nov 28 23:57:36 +0000 2021	1465107640967704581	-	CS	4	"@patriottakes That and the fact that Florida is a tourist state. They go to Florida, get Covid, and bring it back to their states reporting."